[
    {
        "id": "PE0001",
        "fecha": "2020-07-23T18:25:43.511Z",
        "estado": "En reparto",
        "productos": [
            {
                "referencia": "PR0001",
                "unidades": 12
            }
        ],
        "cliente-id": "CL0001"
    },
    {
        "id": "PE0002",
        "fecha": "2020-07-23T20:15:05.133Z",
        "estado": "Entregado",
        "productos": [
            {
                "referencia": "PR0003",
                "unidades": 10
            },
            {
                "referencia": "PR0002",
                "unidades": 39
            }
        ],
        "cliente-id": "CL0001",
        "pagado": false
    },
    {
        "id": "PE0003",
        "fecha": "2020-07-24T08:12:34.321Z",
        "estado": "En preparación",
        "productos": [
            {
                "referencia": "PR0001",
                "unidades": 100
            },
            {
                "referencia": "PR0003",
                "unidades": 76
            }
        ],
        "cliente-id": "CL0002",
        "pagado": false
    },
    {
        "id": "PE0004",
        "fecha": "2020-07-25T12:10:09.543Z",
        "estado": "En preparación",
        "productos": [
            {
                "referencia": "PR0003",
                "unidades": 100
            },
            {
                "referencia": "PR0002",
                "unidades": 400
            }
        ],
        "cliente-id": "CL0002",
        "pagado": true
    }
]