[
    {
        "id": "PE0001",
        "fecha": "2020-07-23T18:25:43.511Z",
        "estado": "En reparto",
        "productos": [
            {
                "referencia": "PR0001",
                "unidades": 12
            }
        ],
        "cliente-id":     {
            "id": "CL0001",
            "nombre": "Manolo el del bombo",
            "dni": "92848785Q",
            "f-nacimiento": "01/12/1982"    
        },
        "pagado": true
    },
    {
        "id": "PE0002",
        "fecha": "2020-07-23T20:15:05.133Z",
        "estado": "Entregado",
        "productos": [
            {
                "prod": {
                    "referencia": "PR0003",
                    "denominacion": "Pelota de playa",
                    "peso-kg": 0.120,
                    "diametro-metros": 0.200
                },
                "unidades": 10
            },
            {
                "prod": {
                    "referencia": "PR0002",
                    "denominacion": "rastrillo de playa",
                    "peso-kg": 0.350,
                    "longitud-metros": 1.100
                },
                "unidades": 39
            }
        ],
        "cliente-id":     {
            "id": "CL0001",
            "nombre": "Manolo el del bombo",
            "dni": "92848785Q",
            "f-nacimiento": "01/12/1982"    
        },
        "pagado": false
    },
    {
        "id": "PE0003",
        "fecha": "2020-07-24T08:12:34.321Z",
        "estado": "En preparación",
        "productos": [
            {
                "prod": {
                    "referencia": "PR0001",
                    "denominacion": "Cochoneta de playa",
                    "peso-kg": 0.350,
                    "longitud-metros": 1.100
                },
                "unidades": 100
            },
            {
                "prod":{
                    "referencia": "PR0003",
                    "denominacion": "Pelota de playa",
                    "peso-kg": 0.120,
                    "diametro-metros": 0.200
                },
                "unidades": 76
            }
        ],
        "cliente-id":     {
            "id": "CL0002",
            "nombre": "Pipi calzaslarga",
            "dni": "10688098K",
            "f-nacimiento": "023/06/1950"    
        },
        "pagado": false
    },
    {
        "id": "PE0004",
        "fecha": "2020-07-25T12:10:09.543Z",
        "estado": "En preparación",
        "productos": [
            {
                "prod":{
                    "referencia": "PR0003",
                    "denominacion": "Pelota de playa",
                    "peso-kg": 0.120,
                    "diametro-metros": 0.200
                },
                "unidades": 100
            },
            {
                "prod": {
                    "referencia": "PR0002",
                    "denominacion": "rastrillo de playa",
                    "peso-kg": 0.350,
                    "longitud-metros": 1.100
                },
                "unidades": 400
            }
        ],
        "cliente-id":     {
            "id": "CL0002",
            "nombre": "Pipi calzaslarga",
            "dni": "10688098K",
            "f-nacimiento": "023/06/1950"    
        },
        "pagado": true
    }
]